APY,ACTUAL_PROJECT_YEAR,APY_COST_inf2018,Search_Type
2014.0,2014P01CA077739,1613263.0,Drug
2011.0,2011P01CA077739,1855031.0,Drug
2019.0,2019P01CA140043,1137415.0,Drug
2020.0,2020P01CA163227,1378794.0,Drug
2019.0,2019P01CA163227,1491852.0,Drug
2017.0,2017P01CA163227,2146515.0,Drug
2016.0,2016P01CA163227,2238400.0,Drug
2015.0,2015P01CA163227,2307177.0,Drug
2014.0,2014P01CA163227,2262361.0,Drug
2003.0,2003P01CA080111,3143488.0,Target_Only
2016.0,2016P01CA087969,2611855.0,Target_Only
2003.0,2003P01CA087969,8333166.0,Target_Only
2001.0,2001P01CA087969,7438641.0,Target_Only
2009.0,2009P01CA089021,2841870.0,Target_Only
2013.0,2013P01CA085859,2253641.0,Target_Only
2016.0,2016P01CA091955,1439436.0,Target_Only
2010.0,2010P01CA090890,1753209.0,Target_Only
2008.0,2008P01CA108964,3737158.0,Target_Only
1999.0,1999P01AG008321,0.0,Target_Only
2004.0,2004P01AG016765,585363.0,Target_Only
2003.0,2003P01ES006198,1582100.0,Target_Only
2003.0,2003P01GM047969,2817706.0,Target_Only
2000.0,2000P01HD006274,2683656.0,Target_Only
2009.0,2009P01HD011149,1958922.0,Target_Only
2008.0,2008P01HD011149,1944820.0,Target_Only
2005.0,2005P01HD011149,2465072.0,Target_Only
2002.0,2002P01HD011149,3043885.0,Target_Only
1999.0,1999P01HD013527,0.0,Target_Only
1999.0,1999P01HD021350,0.0,Target_Only
2010.0,2010P01HD021921,1738012.0,Target_Only
2009.0,2009P01HD031226,2077060.0,Target_Only
2005.0,2005P01HD031226,2578256.0,Target_Only
2012.0,2012P01HD035897,2074830.0,Target_Only
2003.0,2003P01HD038490,1497676.0,Target_Only
2014.0,2014P01HL076491,2020405.0,Target_Only
2011.0,2011P01HL087018,2842142.0,Target_Only
2013.0,2013P01HL088117,2674899.0,Target_Only
2014.0,2014P01HL098055,3223198.0,Target_Only
2018.0,2018P30CA006516,12710222.0,Drug
2017.0,2017P30CA006516,12572620.0,Drug
2020.0,2020P30CA006973,7360142.0,Drug
2018.0,2018P30CA006973,7328078.0,Drug
2017.0,2017P30CA006973,7664829.0,Drug
2016.0,2016P30CA006973,7984055.0,Drug
2013.0,2013P30CA006973,7708211.0,Drug
2014.0,2014P30CA006973,8083066.0,Drug
2012.0,2012P30CA006973,8517117.0,Drug
2011.0,2011P30CA006973,8810449.0,Drug
2009.0,2009P30CA006973,15320265.0,Drug
2020.0,2020P30CA008748,13940024.0,Drug
2019.0,2019P30CA008748,13613870.0,Drug
2018.0,2018P30CA008748,13320025.0,Drug
2017.0,2017P30CA008748,13442482.0,Drug
2016.0,2016P30CA008748,15856394.0,Drug
2015.0,2015P30CA008748,14212182.0,Drug
2014.0,2014P30CA008748,14112088.0,Drug
2013.0,2013P30CA008748,14622526.0,Drug
2019.0,2019P30CA014236,6027879.0,Drug
2018.0,2018P30CA014599,4711102.0,Drug
2017.0,2017P30CA015704,10559632.0,Drug
2014.0,2014P30CA016056,4749131.0,Drug
2018.0,2018P30CA016086,7789374.0,Drug
2013.0,2013P30CA016359,3027834.0,Drug
2017.0,2017P30CA016520,8392784.0,Drug
2020.0,2020P30CA016672,11700756.0,Drug
2016.0,2016P30CA016672,14501632.0,Drug
2015.0,2015P30CA016672,12243623.0,Drug
2014.0,2014P30CA016672,11792129.0,Drug
2013.0,2013P30CA016672,11445337.0,Drug
2012.0,2012P30CA016672,12166014.0,Drug
2014.0,2014P30CA022453,2851353.0,Drug
2017.0,2017P30CA023108,3681518.0,Drug
2018.0,2018P30CA033572,3451937.0,Drug
2015.0,2015P30CA036727,1766751.0,Drug
2017.0,2017P30CA042014,3352425.0,Drug
2019.0,2019P30CA046592,6792609.0,Drug
2017.0,2017P30CA047904,5746254.0,Drug
2020.0,2020P30CA056036,3831285.0,Drug
2019.0,2019P30CA056036,2883769.0,Drug
2014.0,2014P30CA069533,1957646.0,Drug
2014.0,2014P30CA072720,3670799.0,Drug
2012.0,2012P30CA072720,4026440.0,Drug
2013.0,2013P30CA125123,3730847.0,Drug
2017.0,2017P30DK019525,2020348.0,Drug
2012.0,2012P30DK079638,1359118.0,Drug
2014.0,2014P30DK020572,2230021.0,Drug
2020.0,2020P30ES013508,1522282.0,Drug
2019.0,2019P30ES013508,1543546.0,Drug
2018.0,2018P30ES013508,1751955.0,Drug
2017.0,2017P30ES013508,1679032.0,Drug
2016.0,2016P30ES013508,1751255.0,Drug
2015.0,2015P30ES013508,1795725.0,Drug
2011.0,2011P30RR030926,1360116.0,Target_Only
2010.0,2010P30DK032520,1180677.0,Target_Only
2017.0,2017P30DK052574,1200245.0,Target_Only
2015.0,2015P30DK052574,1283663.0,Target_Only
2011.0,2011P30DK056338,1411361.0,Target_Only
2018.0,2018P30DK063491,1805300.0,Target_Only
2017.0,2017P30DK063491,2039511.0,Target_Only
2014.0,2014P30DK063491,2202082.0,Target_Only
2012.0,2012P30DK063491,1677982.0,Target_Only
2014.0,2014P30DK072488,1268548.0,Target_Only
2016.0,2016P30DK089503,1239902.0,Target_Only
2015.0,2015P30DK089503,1304706.0,Target_Only
2012.0,2012P30DK089503,1395044.0,Target_Only
2014.0,2014P30DK079637,2185757.0,Target_Only
2013.0,2013P30DK079626,1316899.0,Target_Only
2013.0,2013P30DK020572,1643339.0,Target_Only
2013.0,2013P30CA006927,5316317.0,Target_Only
2008.0,2008P30CA008748,19075774.0,Target_Only
2016.0,2016P30CA014089,7062368.0,Target_Only
2017.0,2017P30CA014520,4664842.0,Target_Only
2015.0,2015P30CA014520,4995398.0,Target_Only
2008.0,2008P30CA014599,5909672.0,Target_Only
2019.0,2019P30CA015704,10211543.0,Target_Only
2012.0,2012P30CA015704,14314331.0,Target_Only
2011.0,2011P30CA015704,14549867.0,Target_Only
2008.0,2008P30CA015704,14017083.0,Target_Only
2019.0,2019P30CA016056,4897934.0,Target_Only
2020.0,2020P30CA016059,2608138.0,Target_Only
2008.0,2008P30CA016087,3591534.0,Target_Only
2018.0,2018P30CA023100,4584828.0,Target_Only
2002.0,2002P30CA034196,4885450.0,Target_Only
2017.0,2017P30CA046592,6555588.0,Target_Only
2007.0,2007P30CA051008,4505619.0,Target_Only
2005.0,2005P30CA051008,5595302.0,Target_Only
2016.0,2016P30CA054174,2546866.0,Target_Only
2016.0,2016P30CA068485,7904390.0,Target_Only
2016.0,2016P30CA071789,2440039.0,Target_Only
2001.0,2001P30CA071789,3807448.0,Target_Only
2017.0,2017P30CA076292,3532227.0,Target_Only
2001.0,2001P30ES000002,3069916.0,Target_Only
2010.0,2010P30ES000210,2413911.0,Target_Only
2008.0,2008P30ES000260,1294389.0,Target_Only
2014.0,2014P30ES000267,1669697.0,Target_Only
2003.0,2003P30ES000267,2729268.0,Target_Only
2002.0,2002P30ES000267,2755149.0,Target_Only
2000.0,2000P30ES000267,2939665.0,Target_Only
1999.0,1999P30ES000267,0.0,Target_Only
2010.0,2010P30ES005022,2238163.0,Target_Only
2015.0,2015P30ES006694,1824624.0,Target_Only
2010.0,2010P30ES006694,1961230.0,Target_Only
2009.0,2009P30ES006694,2037053.0,Target_Only
2013.0,2013P30ES007033,2061852.0,Target_Only
2011.0,2011P30ES007033,2116670.0,Target_Only
2009.0,2009P30ES007033,2033851.0,Target_Only
2008.0,2008P30ES007033,2222787.0,Target_Only
2018.0,2018P30ES009089,1605310.0,Target_Only
2008.0,2008P30ES009089,2383916.0,Target_Only
2007.0,2007P30ES009089,2282805.0,Target_Only
2008.0,2008P30ES010126,1974102.0,Target_Only
2014.0,2014P30ES013508,1886376.0,Target_Only
2010.0,2010P30ES013508,2195928.0,Target_Only
2017.0,2017P30GM110761,1180569.0,Target_Only
1999.0,1999P30HD028138,0.0,Target_Only
2008.0,2008P30NR004001,658214.0,Target_Only
2007.0,2007P30EY013080,540439.0,Target_Only
2020.0,2020P50CA058236,1392420.0,Drug
2012.0,2012P50CA058236,2340964.0,Drug
2011.0,2011P50CA058236,2722787.0,Drug
2015.0,2015P50CA086438,1651741.0,Drug
2018.0,2018P50CA092629,2436043.0,Drug
2017.0,2017P50CA092629,2556372.0,Drug
2015.0,2015P50CA092629,2134008.0,Drug
2012.0,2012P50CA092629,2394139.0,Drug
2011.0,2011P50CA092629,2369400.0,Drug
2010.0,2010P50CA092629,3136432.0,Drug
2009.0,2009P50CA092629,3240227.0,Drug
2017.0,2017P50CA090381,2413609.0,Drug
2016.0,2016P50CA090381,2366383.0,Drug
2015.0,2015P50CA090381,2452287.0,Drug
2014.0,2014P50CA090381,2377057.0,Drug
2020.0,2020P50CA092131,1364296.0,Drug
2020.0,2020P50CA097186,1952726.0,Drug
2019.0,2019P50CA097186,2020053.0,Drug
2018.0,2018P50CA097186,2157062.0,Drug
2017.0,2017P50CA097186,2330032.0,Drug
2014.0,2014P50CA097186,2432258.0,Drug
2015.0,2015P50CA097186,2452287.0,Drug
2009.0,2009P50CA097186,3233834.0,Drug
2016.0,2016P50CA140388,2473384.0,Drug
2013.0,2013P50CA140388,2498598.0,Drug
2012.0,2012P50CA140388,2751213.0,Drug
2018.0,2018P50CA180995,2289160.0,Drug
2012.0,2012P50AR055081,538280.0,Target_Only
2008.0,2008P50AR055081,1529714.0,Target_Only
2013.0,2013P50CA058236,1432940.0,Target_Only
2001.0,2001P50CA058236,6224572.0,Target_Only
2005.0,2005P50CA069568,3987839.0,Target_Only
2011.0,2011P50CA090381,2722784.0,Target_Only
2009.0,2009P50CA090381,3857879.0,Target_Only
2016.0,2016P50CA095103,2226152.0,Target_Only
2012.0,2012P50CA097186,717703.0,Target_Only
2011.0,2011P50CA097186,2722784.0,Target_Only
2010.0,2010P50CA097186,3050219.0,Target_Only
2008.0,2008P50CA097186,3210667.0,Target_Only
2014.0,2014P50CA093459,2400797.0,Target_Only
2016.0,2016P50CA127003,2366383.0,Target_Only
2017.0,2017P50CA180995,2406345.0,Target_Only
2012.0,2012P50AG008702,2901325.0,Target_Only
2016.0,2016P50HD071836,2122775.0,Target_Only
2018.0,2018P50HD028934,1711481.0,Target_Only
2016.0,2016P50HD028934,1875121.0,Target_Only
2014.0,2014P50HD028934,1980147.0,Target_Only
2019.0,2019P50HD012303,1537303.0,Target_Only
2018.0,2018P50HD012303,1496025.0,Target_Only
2003.0,2003P50HL061006,3325020.0,Target_Only
2013.0,2013P50AT002776,2012096.0,Target_Only
2015.0,2015P50AT006268,245472.0,Target_Only
2008.0,2008R01CA027440,430943.0,Drug
2019.0,2019R01CA039481,345246.0,Drug
2019.0,2019R01CA047282,146865.0,Drug
2018.0,2018R01CA105304,264812.0,Drug
2015.0,2015R01CA109874,293191.0,Drug
2011.0,2011R01CA127258,286752.0,Drug
2012.0,2012R01CA129933,426147.0,Drug
2010.0,2010R01CA131226,418277.0,Drug
2013.0,2013R01CA127727,342925.0,Drug
2018.0,2018R01CA134514,357750.0,Drug
2017.0,2017R01CA134514,375421.0,Drug
2013.0,2013R01CA136753,339628.0,Drug
2014.0,2014R01CA138791,401674.0,Drug
2018.0,2018R01CA130908,377625.0,Drug
2017.0,2017R01CA130908,396277.0,Drug
2016.0,2016R01CA165076,358162.0,Drug
2020.0,2020R01CA172382,359439.0,Drug
2018.0,2018R01CA172382,380000.0,Drug
2016.0,2016R01CA172382,353363.0,Drug
2014.0,2014R01CA172382,358925.0,Drug
2013.0,2013R01CA172382,359202.0,Drug
2015.0,2015R01CA165263,358640.0,Drug
2017.0,2017R01CA157372,399085.0,Drug
2013.0,2013R01CA180277,320155.0,Drug
2018.0,2018R01CA174777,366539.0,Drug
2017.0,2017R01CA174777,325468.0,Drug
2014.0,2014R01CA174777,343349.0,Drug
2017.0,2017R01CA168899,343044.0,Drug
2016.0,2016R01CA168899,357800.0,Drug
2014.0,2014R01CA168899,356753.0,Drug
2018.0,2018R01CA182503,439351.0,Drug
2018.0,2018R01CA184012,261450.0,Drug
2017.0,2017R01CA181648,327250.0,Drug
2018.0,2018R01CA193239,363713.0,Drug
2017.0,2017R01CA193239,381678.0,Drug
2019.0,2019R01CA190289,423031.0,Drug
2018.0,2018R01CA190289,452067.0,Drug
2016.0,2016R01CA190289,396844.0,Drug
2017.0,2017R01CA190289,458522.0,Drug
2018.0,2018R01CA193837,468128.0,Drug
2018.0,2018R01CA185297,370575.0,Drug
2016.0,2016R01CA185297,405607.0,Drug
2018.0,2018R01CA200787,370575.0,Drug
2018.0,2018R01CA196648,363713.0,Drug
2019.0,2019R01CA212097,584421.0,Drug
2018.0,2018R01CA208100,483284.0,Drug
2019.0,2019R01CA224769,333979.0,Drug
2014.0,2014R01DK062027,452228.0,Drug
2015.0,2015R01DK078121,382027.0,Drug
2018.0,2018R01GM028157,419836.0,Drug
2020.0,2020R01GM086596,450151.0,Drug
2017.0,2017R01GM086596,355294.0,Drug
2014.0,2014R01GM086596,384891.0,Drug
2018.0,2018R01GM125633,302100.0,Drug
2014.0,2014R01ES017272,575080.0,Drug
2010.0,2010R01HD016910,593388.0,Drug
2009.0,2009R01EB008047,1526746.0,Drug
2011.0,2011R01TW008288,62590.0,Target_Only
2001.0,2001R01AR035582,1566614.0,Target_Only
1999.0,1999R01AR040391,0.0,Target_Only
2004.0,2004R01AR047079,423205.0,Target_Only
2012.0,2012R01AR050496,478083.0,Target_Only
2006.0,2006R01AR050496,899563.0,Target_Only
2013.0,2013R01AR052190,348560.0,Target_Only
2007.0,2007R01AR052190,562956.0,Target_Only
2012.0,2012R01AR057049,733634.0,Target_Only
2013.0,2013R01AR056666,367557.0,Target_Only
2020.0,2020R01AR071189,309239.0,Target_Only
2019.0,2019R01AR071189,316870.0,Target_Only
2020.0,2020R01AR073004,307582.0,Target_Only
2019.0,2019R01AR073004,315172.0,Target_Only
2002.0,2002R01DK028350,583892.0,Target_Only
2011.0,2011R01DK037922,342103.0,Target_Only
2010.0,2010R01DK037922,367759.0,Target_Only
2009.0,2009R01DK037922,383769.0,Target_Only
2002.0,2002R01DK037922,566685.0,Target_Only
2001.0,2001R01DK037922,148269.0,Target_Only
2000.0,2000R01DK037922,628048.0,Target_Only
1999.0,1999R01DK037922,0.0,Target_Only
1999.0,1999R01DK042154,0.0,Target_Only
2011.0,2011R01DK043140,381511.0,Target_Only
2010.0,2010R01DK043140,410123.0,Target_Only
2009.0,2009R01DK043140,727329.0,Target_Only
2008.0,2008R01DK043140,424909.0,Target_Only
2005.0,2005R01DK043140,508301.0,Target_Only
2002.0,2002R01DK043140,419816.0,Target_Only
2001.0,2001R01DK043140,420594.0,Target_Only
2010.0,2010R01DK047015,352273.0,Target_Only
2001.0,2001R01DK047015,505454.0,Target_Only
2001.0,2001R01DK054480,669744.0,Target_Only
2005.0,2005R01DK051656,303792.0,Target_Only
2009.0,2009R01DK059913,411665.0,Target_Only
2005.0,2005R01DK059913,642120.0,Target_Only
2003.0,2003R01DK059913,673952.0,Target_Only
2006.0,2006R01DK060948,406404.0,Target_Only
2004.0,2004R01DK058105,414948.0,Target_Only
2007.0,2007R01DK062370,935818.0,Target_Only
2004.0,2004R01DK063303,1341440.0,Target_Only
2006.0,2006R01DK065204,576631.0,Target_Only
2008.0,2008R01DK068804,605870.0,Target_Only
2015.0,2015R01DK069950,372769.0,Target_Only
2011.0,2011R01DK069950,464181.0,Target_Only
2010.0,2010R01DK069950,132618.0,Target_Only
2009.0,2009R01DK069950,372948.0,Target_Only
2008.0,2008R01DK069950,370276.0,Target_Only
2009.0,2009R01DK072193,764142.0,Target_Only
2010.0,2010R01DK071224,617060.0,Target_Only
2011.0,2011R01DK075618,336568.0,Target_Only
2010.0,2010R01DK078150,898393.0,Target_Only
2009.0,2009R01DK074652,454178.0,Target_Only
2012.0,2012R01DK079888,381022.0,Target_Only
2010.0,2010R01DK080732,995263.0,Target_Only
2012.0,2012R01DK084178,317011.0,Target_Only
2017.0,2017R01DK107407,535795.0,Target_Only
2020.0,2020R01DK106618,623328.0,Target_Only
2017.0,2017R01DK106618,677207.0,Target_Only
2002.0,2002R01CA017393,872406.0,Target_Only
2001.0,2001R01CA017393,877732.0,Target_Only
2004.0,2004R01CA027440,573442.0,Target_Only
2003.0,2003R01CA027440,777844.0,Target_Only
2000.0,2000R01CA027440,810297.0,Target_Only
1999.0,1999R01CA027440,0.0,Target_Only
1999.0,1999R01CA040356,0.0,Target_Only
2001.0,2001R01CA040360,510907.0,Target_Only
2011.0,2011R01CA040629,487694.0,Target_Only
2001.0,2001R01CA042182,1595489.0,Target_Only
2013.0,2013R01CA047988,1940302.0,Target_Only
2010.0,2010R01CA049248,448769.0,Target_Only
2003.0,2003R01CA049449,2237131.0,Target_Only
2001.0,2001R01CA049449,2322181.0,Target_Only
1999.0,1999R01CA049449,0.0,Target_Only
2001.0,2001R01CA054281,2920816.0,Target_Only
1999.0,1999R01CA054281,0.0,Target_Only
2001.0,2001R01CA057374,51304.0,Target_Only
2013.0,2013R01CA062130,307983.0,Target_Only
2012.0,2012R01CA064277,604551.0,Target_Only
2003.0,2003R01CA065725,787659.0,Target_Only
2003.0,2003R01CA068581,849819.0,Target_Only
2001.0,2001R01CA068581,867438.0,Target_Only
2000.0,2000R01CA069334,1991356.0,Target_Only
2001.0,2001R01CA070817,571144.0,Target_Only
2010.0,2010R01CA073674,369552.0,Target_Only
2005.0,2005R01CA079596,522613.0,Target_Only
2003.0,2003R01CA080205,1671613.0,Target_Only
2001.0,2001R01CA082664,205710.0,Target_Only
2001.0,2001R01CA082838,625518.0,Target_Only
2012.0,2012R01CA048998,1179902.0,Target_Only
2004.0,2004R01CA088164,670895.0,Target_Only
2001.0,2001R01CA058598,1151218.0,Target_Only
2003.0,2003R01CA063464,8256522.0,Target_Only
2001.0,2001R01CA063464,8124463.0,Target_Only
2011.0,2011R01CA082729,950974.0,Target_Only
2005.0,2005R01CA083918,452532.0,Target_Only
2005.0,2005R01CA087014,2033837.0,Target_Only
2010.0,2010R01CA090744,337648.0,Target_Only
2009.0,2009R01CA090744,1041869.0,Target_Only
2010.0,2010R01CA094828,378550.0,Target_Only
2004.0,2004R01CA094211,459914.0,Target_Only
2005.0,2005R01CA095003,444369.0,Target_Only
2003.0,2003R01CA095003,500577.0,Target_Only
2007.0,2007R01CA097193,2274176.0,Target_Only
2007.0,2007R01CA105055,641705.0,Target_Only
2009.0,2009R01CA108612,388699.0,Target_Only
2008.0,2008R01CA115830,848826.0,Target_Only
2010.0,2010R01CA118947,345397.0,Target_Only
2009.0,2009R01CA123089,464882.0,Target_Only
2011.0,2011R01CA111803,390423.0,Target_Only
2009.0,2009R01CA111803,442532.0,Target_Only
2012.0,2012R01CA124558,696706.0,Target_Only
2011.0,2011R01CA126846,611684.0,Target_Only
2016.0,2016R01CA137178,825381.0,Target_Only
2014.0,2014R01CA129379,542201.0,Target_Only
2013.0,2013R01CA129379,547001.0,Target_Only
2014.0,2014R01CA140468,332466.0,Target_Only
2012.0,2012R01CA143777,474252.0,Target_Only
2014.0,2014R01CA151993,517265.0,Target_Only
2015.0,2015R01CA148667,736044.0,Target_Only
2015.0,2015R01CA172382,365592.0,Target_Only
2015.0,2015R01CA170595,593578.0,Target_Only
2017.0,2017R01CA168601,323240.0,Target_Only
2016.0,2016R01CA168601,338291.0,Target_Only
2015.0,2015R01CA168899,366885.0,Target_Only
2017.0,2017R01CA186780,389876.0,Target_Only
2016.0,2016R01CA188214,708848.0,Target_Only
2015.0,2015R01CA190289,406921.0,Target_Only
2017.0,2017R01CA206592,420522.0,Target_Only
2009.0,2009R01AG014673,678530.0,Target_Only
2013.0,2013R01AG016592,1024162.0,Target_Only
2012.0,2012R01AG014358,328549.0,Target_Only
2011.0,2011R01AG020098,448100.0,Target_Only
2007.0,2007R01AG021948,426044.0,Target_Only
2016.0,2016R01AG023629,167743.0,Target_Only
2014.0,2014R01AG023629,960053.0,Target_Only
2012.0,2012R01AG027847,648374.0,Target_Only
2010.0,2010R01AG026564,635506.0,Target_Only
2011.0,2011R01AG029612,390690.0,Target_Only
2010.0,2010R01AG030598,411361.0,Target_Only
2014.0,2014R01AG033193,839178.0,Target_Only
2012.0,2012R01AG036670,830718.0,Target_Only
2015.0,2015R01AG048022,392656.0,Target_Only
2013.0,2013R01ES004344,433762.0,Target_Only
2009.0,2009R01ES009246,517487.0,Target_Only
2014.0,2014R01ES009649,372161.0,Target_Only
2006.0,2006R01ES011295,438760.0,Target_Only
2007.0,2007R01ES011803,398380.0,Target_Only
2005.0,2005R01ES011803,473580.0,Target_Only
2006.0,2006R01ES012916,317366.0,Target_Only
2007.0,2007R01ES012893,531964.0,Target_Only
2009.0,2009R01ES013495,340931.0,Target_Only
2012.0,2012R01ES019178,543271.0,Target_Only
2011.0,2011R01ES019178,532797.0,Target_Only
2010.0,2010R01ES019178,466253.0,Target_Only
2017.0,2017R01ES023834,633777.0,Target_Only
2014.0,2014R01GM031001,846068.0,Target_Only
2014.0,2014R01GM033775,411014.0,Target_Only
2013.0,2013R01GM033775,409595.0,Target_Only
2003.0,2003R01GM058897,937064.0,Target_Only
2005.0,2005R01GM060402,303790.0,Target_Only
2012.0,2012R01GM069753,305812.0,Target_Only
2013.0,2013R01GM073241,309022.0,Target_Only
2008.0,2008R01GM073241,286271.0,Target_Only
2007.0,2007R01GM073241,308686.0,Target_Only
2006.0,2006R01GM073241,336276.0,Target_Only
2012.0,2012R01GM073020,407547.0,Target_Only
2011.0,2011R01GM073020,424564.0,Target_Only
2009.0,2009R01GM073020,476270.0,Target_Only
2008.0,2008R01GM073020,395686.0,Target_Only
2014.0,2014R01GM076343,353709.0,Target_Only
2013.0,2013R01GM076343,353069.0,Target_Only
2012.0,2012R01GM076343,377266.0,Target_Only
2018.0,2018R01GM086596,397800.0,Target_Only
2016.0,2016R01GM086596,607471.0,Target_Only
2015.0,2015R01GM086596,377563.0,Target_Only
2012.0,2012R01GM031756,451499.0,Target_Only
2013.0,2013R01GM096117,280724.0,Target_Only
2014.0,2014R01GM094209,400697.0,Target_Only
2015.0,2015R01GM099143,363716.0,Target_Only
2015.0,2015R01GM102505,312374.0,Target_Only
2014.0,2014R01GM102505,382177.0,Target_Only
2015.0,2015R01GM101048,325001.0,Target_Only
2016.0,2016R01GM103937,450225.0,Target_Only
2015.0,2015R01GM103937,461658.0,Target_Only
2016.0,2016R01GM110790,464796.0,Target_Only
2016.0,2016R01GM110428,436983.0,Target_Only
2015.0,2015R01GM110428,455838.0,Target_Only
2020.0,2020R01GM118122,362554.0,Target_Only
2019.0,2019R01GM118122,452404.0,Target_Only
2018.0,2018R01GM118122,368951.0,Target_Only
2017.0,2017R01GM118122,387175.0,Target_Only
2016.0,2016R01GM118122,403829.0,Target_Only
2016.0,2016R01GM114369,469104.0,Target_Only
2020.0,2020R01GM125303,223907.0,Target_Only
2018.0,2018R01GM125303,264378.0,Target_Only
2019.0,2019R01GM130997,450673.0,Target_Only
2007.0,2007R01HD013294,854291.0,Target_Only
1999.0,1999R01HD013294,0.0,Target_Only
2004.0,2004R01HD016393,459606.0,Target_Only
2002.0,2002R01HD016393,506741.0,Target_Only
2000.0,2000R01HD016393,462533.0,Target_Only
1999.0,1999R01HD016806,0.0,Target_Only
2000.0,2000R01HD020869,678179.0,Target_Only
2009.0,2009R01HD021341,824502.0,Target_Only
2011.0,2011R01HD024870,404481.0,Target_Only
2005.0,2005R01HD027970,548682.0,Target_Only
2004.0,2004R01HD027970,586435.0,Target_Only
2003.0,2003R01HD027970,618086.0,Target_Only
2001.0,2001R01HD027970,645729.0,Target_Only
2000.0,2000R01HD027970,603025.0,Target_Only
1999.0,1999R01HD027970,0.0,Target_Only
2000.0,2000R01HD028165,413557.0,Target_Only
2000.0,2000R01HD028964,464747.0,Target_Only
2011.0,2011R01HD029364,284970.0,Target_Only
2005.0,2005R01HD029909,1024455.0,Target_Only
2010.0,2010R01HD030284,419544.0,Target_Only
2003.0,2003R01HD032588,532689.0,Target_Only
2010.0,2010R01HD033852,379785.0,Target_Only
2006.0,2006R01HD033852,419155.0,Target_Only
2004.0,2004R01HD033852,426706.0,Target_Only
2001.0,2001R01HD033852,477738.0,Target_Only
1999.0,1999R01HD033852,0.0,Target_Only
2001.0,2001R01HD035708,374528.0,Target_Only
2001.0,2001R01HD036913,304408.0,Target_Only
2010.0,2010R01HD038424,393504.0,Target_Only
2009.0,2009R01HD038424,410634.0,Target_Only
2005.0,2005R01HD033147,432994.0,Target_Only
2011.0,2011R01HD038468,314781.0,Target_Only
2004.0,2004R01HD039247,461168.0,Target_Only
2001.0,2001R01HD039267,512000.0,Target_Only
2012.0,2012R01HD041494,373241.0,Target_Only
2005.0,2005R01HD041610,440855.0,Target_Only
2004.0,2004R01HD041610,471189.0,Target_Only
2006.0,2006R01HD041958,516446.0,Target_Only
2005.0,2005R01HD041958,563562.0,Target_Only
2004.0,2004R01HD041958,602339.0,Target_Only
2003.0,2003R01HD041958,633799.0,Target_Only
2002.0,2002R01HD041958,658086.0,Target_Only
2013.0,2013R01HD042751,313427.0,Target_Only
2004.0,2004R01HD042767,504136.0,Target_Only
2005.0,2005R01HD044801,517042.0,Target_Only
2006.0,2006R01HD044859,502293.0,Target_Only
2010.0,2010R01HD047275,420440.0,Target_Only
2008.0,2008R01HD050537,531906.0,Target_Only
2008.0,2008R01HD052694,314782.0,Target_Only
2010.0,2010R01HD050570,350210.0,Target_Only
2011.0,2011R01HD050656,374884.0,Target_Only
2015.0,2015R01HD055545,381352.0,Target_Only
2018.0,2018R01HD010808,317475.0,Target_Only
2009.0,2009R01HD010808,409651.0,Target_Only
2012.0,2012R01HD058300,382446.0,Target_Only
2016.0,2016R01HD056034,406545.0,Target_Only
2012.0,2012R01HD016229,436265.0,Target_Only
2013.0,2013R01HD061580,336457.0,Target_Only
2015.0,2015R01HD072380,310392.0,Target_Only
2016.0,2016R01HD072754,348508.0,Target_Only
2014.0,2014R01HD068777,570831.0,Target_Only
2018.0,2018R01HD082567,321625.0,Target_Only
2019.0,2019R01HD083323,511257.0,Target_Only
2006.0,2006R01NR004141,605514.0,Target_Only
2017.0,2017R01HL027255,301045.0,Target_Only
2016.0,2016R01HL027255,313994.0,Target_Only
2014.0,2014R01HL027255,322758.0,Target_Only
2017.0,2017R01HL059367,814750.0,Target_Only
2014.0,2014R01HL059367,704045.0,Target_Only
2013.0,2013R01HL059367,882174.0,Target_Only
2001.0,2001R01HL056702,202652.0,Target_Only
2004.0,2004R01HL064601,385656.0,Target_Only
2001.0,2001R01HL064601,438778.0,Target_Only
2011.0,2011R01HL071862,660409.0,Target_Only
2012.0,2012R01HL073410,719888.0,Target_Only
2009.0,2009R01HL079421,879212.0,Target_Only
2013.0,2013R01HL083297,423082.0,Target_Only
2009.0,2009R01HL085144,478662.0,Target_Only
2008.0,2008R01HL087647,953596.0,Target_Only
2011.0,2011R01HL085083,463807.0,Target_Only
2010.0,2010R01HL085251,2265824.0,Target_Only
2013.0,2013R01HL086694,1160292.0,Target_Only
2011.0,2011R01HL087263,693289.0,Target_Only
2009.0,2009R01HL087676,735940.0,Target_Only
2009.0,2009R01HL087679,352172.0,Target_Only
2010.0,2010R01HL089650,726864.0,Target_Only
2010.0,2010R01HL089651,967971.0,Target_Only
2011.0,2011R01HL090682,848101.0,Target_Only
2010.0,2010R01HL093029,994152.0,Target_Only
2014.0,2014R01HL080295,1417526.0,Target_Only
2014.0,2014R01HL103931,843888.0,Target_Only
2012.0,2012R01HL102866,457538.0,Target_Only
2017.0,2017R01HL105756,701642.0,Target_Only
2012.0,2012R01HL105756,800144.0,Target_Only
2013.0,2013R01HL111614,428556.0,Target_Only
2020.0,2020R01HL130106,364824.0,Target_Only
2009.0,2009R01MH041770,438438.0,Target_Only
1999.0,1999R01MH049428,0.0,Target_Only
1999.0,1999R01MH051561,0.0,Target_Only
2003.0,2003R01MH060563,702877.0,Target_Only
2003.0,2003R01MH060728,436976.0,Target_Only
2007.0,2007R01MH061994,382993.0,Target_Only
2006.0,2006R01MH061994,418571.0,Target_Only
2003.0,2003R01MH061994,390891.0,Target_Only
2012.0,2012R01MH084995,464331.0,Target_Only
2018.0,2018R01MH104603,320635.0,Target_Only
2006.0,2006R01NS022069,427473.0,Target_Only
1999.0,1999R01NS034661,0.0,Target_Only
2010.0,2010R01NS042767,523116.0,Target_Only
2018.0,2018R01NS045940,333594.0,Target_Only
2015.0,2015R01NS072377,433632.0,Target_Only
2017.0,2017R01HG003054,415822.0,Target_Only
2020.0,2020R01HG003988,1194515.0,Target_Only
2006.0,2006R01AA014145,393727.0,Target_Only
2018.0,2018R01DA029613,422303.0,Target_Only
2016.0,2016R01EB016072,403470.0,Target_Only
2011.0,2011R01TS000069,247979.0,Target_Only
2015.0,2015R01OD010948,407902.0,Target_Only
2014.0,2014T32CA009071,673009.0,Drug
2017.0,2017T32CA009476,248174.0,Drug
2018.0,2018T32CA009515,666666.0,Drug
2017.0,2017T32CA009515,598982.0,Drug
2019.0,2019T32CA062948,487964.0,Drug
2018.0,2018T32DK007013,172273.0,Drug
2014.0,2014T32DK007245,319545.0,Drug
2015.0,2015T32DK007763,182555.0,Drug
2019.0,2019T32GM008752,597480.0,Drug
2011.0,2011T32AG000219,221916.0,Drug
2011.0,2011T32ES007263,132577.0,Drug
2014.0,2014T32ES007272,498137.0,Drug
2018.0,2018T32OD011089,559957.0,Drug
2011.0,2011T32RR007009,221457.0,Target_Only
2009.0,2009T32DK007161,333420.0,Target_Only
2005.0,2005T32DK007161,440166.0,Target_Only
2002.0,2002T32DK007646,299262.0,Target_Only
2001.0,2001T32CA009051,399339.0,Target_Only
2012.0,2012T32CA009168,449387.0,Target_Only
2010.0,2010T32CA009168,695489.0,Target_Only
2018.0,2018T32CA009582,383570.0,Target_Only
2003.0,2003T32CA009582,621561.0,Target_Only
2002.0,2002T32CA009582,510708.0,Target_Only
2014.0,2014T32CA009614,461506.0,Target_Only
2011.0,2011T32CA081156,393750.0,Target_Only
2020.0,2020T32CA140044,321251.0,Target_Only
2020.0,2020T32CA057699,108035.0,Target_Only
2012.0,2012T32AG023477,290308.0,Target_Only
2019.0,2019T32ES007028,761935.0,Target_Only
2018.0,2018T32ES007028,628475.0,Target_Only
2017.0,2017T32ES007028,791901.0,Target_Only
2015.0,2015T32ES007028,744025.0,Target_Only
2003.0,2003T32ES007055,466750.0,Target_Only
2010.0,2010T32ES007060,542339.0,Target_Only
2008.0,2008T32ES007263,304550.0,Target_Only
2010.0,2010T32ES007326,395136.0,Target_Only
2016.0,2016T32ES013678,446989.0,Target_Only
2005.0,2005T32GM007062,600418.0,Target_Only
2017.0,2017T32GM007105,586966.0,Target_Only
2020.0,2020T32GM007281,1102026.0,Target_Only
2020.0,2020T32GM007315,680770.0,Target_Only
2013.0,2013T32GM007750,620578.0,Target_Only
2016.0,2016T32GM007767,534510.0,Target_Only
2010.0,2010T32GM007814,811997.0,Target_Only
2014.0,2014T32GM008545,249926.0,Target_Only
2004.0,2004T32GM008619,331201.0,Target_Only
2018.0,2018T32GM008666,503728.0,Target_Only
2014.0,2014T32HD007133,197981.0,Target_Only
2003.0,2003T32HD007190,587490.0,Target_Only
2019.0,2019T32HD007203,200922.0,Target_Only
2013.0,2013T32HD007203,189355.0,Target_Only
2000.0,2000T32HD007228,418907.0,Target_Only
2004.0,2004T32HD007305,212544.0,Target_Only
2003.0,2003T32HD007305,204399.0,Target_Only
2009.0,2009T32HD041921,239652.0,Target_Only
2007.0,2007T32HD041921,248163.0,Target_Only
2004.0,2004T32HD041921,338463.0,Target_Only
2005.0,2005T32HD041921,316674.0,Target_Only
2011.0,2011T32HD052462,373715.0,Target_Only
2017.0,2017T32HL007567,200642.0,Target_Only
1999.0,1999T32HL007692,0.0,Target_Only
2016.0,2016T32HG000040,700755.0,Target_Only
2012.0,2012T32OD010957,174234.0,Target_Only
2013.0,2013U10CA013650,204618.0,Drug
2013.0,2013U10CA016116,264372.0,Drug
2013.0,2013U10CA021115,11071485.0,Drug
2013.0,2013U10CA031946,11633687.0,Drug
2013.0,2013U10CA032291,527998.0,Drug
2013.0,2013U10CA033601,5007601.0,Drug
2013.0,2013U10CA035113,990252.0,Drug
2013.0,2013U10CA035279,826608.0,Drug
2013.0,2013U10CA035421,775035.0,Drug
2013.0,2013U10CA037447,3540677.0,Drug
2013.0,2013U10CA041287,275426.0,Drug
2013.0,2013U10CA045389,602353.0,Drug
2013.0,2013U10CA045418,1793848.0,Drug
2014.0,2014U10CA045560,40184.0,Drug
2013.0,2013U10CA045564,542748.0,Drug
2013.0,2013U10CA045808,2178440.0,Drug
2013.0,2013U10CA046368,395405.0,Drug
2013.0,2013U10CA047559,168433.0,Drug
2013.0,2013U10CA047577,99573.0,Drug
2013.0,2013U10CA059518,203775.0,Drug
2011.0,2011U10CA074811,747675.0,Drug
2013.0,2013U10CA077651,226208.0,Drug
2013.0,2013U10CA077658,519787.0,Drug
2013.0,2013U10CA086726,825609.0,Drug
2013.0,2013U10CA114558,732531.0,Drug
2017.0,2017U10CA180818,606262.0,Drug
2017.0,2017U10CA180828,668622.0,Drug
2017.0,2017U10CA180830,625442.0,Drug
2017.0,2017U10CA180821,13887281.0,Drug
2017.0,2017U10CA180844,942824.0,Drug
2017.0,2017U10CA180791,936206.0,Drug
2017.0,2017U10CA180854,374695.0,Drug
2017.0,2017U10CA180834,806932.0,Drug
2017.0,2017U10CA180819,7383899.0,Drug
2017.0,2017U10CA180826,1050864.0,Drug
2017.0,2017U10CA180888,8932761.0,Drug
2017.0,2017U10CA180835,630238.0,Drug
2014.0,2014U10CA037429,652524.0,Target_Only
2013.0,2013U10HD047892,1038473.0,Target_Only
2017.0,2017K12CA086913,1152037.0,Drug
2015.0,2015K12CA132783,776412.0,Drug
2015.0,2015K12HD073917,382267.0,Drug
2012.0,2012K12CA001727,790896.0,Target_Only
2018.0,2018K12CA087723,899049.0,Target_Only
2016.0,2016K12HD043488,472047.0,Target_Only
2013.0,2013K12HD043488,167808.0,Target_Only
2013.0,2013K12HD063117,435933.0,Target_Only
2016.0,2016K12HD085809,372360.0,Target_Only
2013.0,2013R25CA101871,586578.0,Drug
2004.0,2004R25CA094186,865610.0,Target_Only
2007.0,2007R25CA094880,691458.0,Target_Only
2017.0,2017R25GM056765,467396.0,Target_Only
2018.0,2018R25GM062459,645158.0,Target_Only
2017.0,2017R25GM062459,677025.0,Target_Only
2016.0,2016R25GM062459,490787.0,Target_Only
2015.0,2015R25GM062459,729599.0,Target_Only
2009.0,2009K23CA115775,176412.0,Drug
2001.0,2001K23RR015544,252953.0,Target_Only
2010.0,2010K23CA122820,141987.0,Target_Only
2008.0,2008K23CA122820,182899.0,Target_Only
2009.0,2009K23HL080025,218252.0,Target_Only
2008.0,2008K23HL083102,218892.0,Target_Only
2016.0,2016K23HL111771,176311.0,Target_Only
2017.0,2017K23HL128909,204002.0,Target_Only
2015.0,2015K24CA121990,208721.0,Drug
2014.0,2014K24CA121990,209234.0,Drug
2013.0,2013K24CA121990,216074.0,Drug
2012.0,2012K24CA121990,222455.0,Drug
2011.0,2011K24CA121990,243622.0,Drug
2010.0,2010K24CA121990,259273.0,Drug
2016.0,2016K24DK100548,197216.0,Target_Only
2004.0,2004K24HD001346,167432.0,Target_Only
2013.0,2013K24HL084034,211477.0,Target_Only
2009.0,2009K08CA140946,218045.0,Drug
2017.0,2017K08CA175154,177935.0,Drug
2001.0,2001K08AR002018,226333.0,Target_Only
2000.0,2000K08DK002387,262944.0,Target_Only
1999.0,1999K08DK002387,0.0,Target_Only
2007.0,2007K08DK064626,178607.0,Target_Only
2017.0,2017K08DK109116,176118.0,Target_Only
2016.0,2016K08DK109116,171596.0,Target_Only
2010.0,2010R03CA140024,94158.0,Drug
2013.0,2013R03CA172894,91449.0,Drug
2000.0,2000R03DK056641,316712.0,Target_Only
2000.0,2000R03CA083112,170511.0,Target_Only
2002.0,2002R03CA089745,143684.0,Target_Only
2007.0,2007R03CA125781,103924.0,Target_Only
2016.0,2016R03ES023972,196249.0,Target_Only
1999.0,1999R03HD035544,0.0,Target_Only
2002.0,2002R03HD039707,121923.0,Target_Only
2002.0,2002R03HD040637,148067.0,Target_Only
2006.0,2006R03HD048797,114765.0,Target_Only
2008.0,2008R03HD054920,94366.0,Target_Only
2016.0,2016R03HD082558,83706.0,Target_Only
2017.0,2017UG1CA189854,1463283.0,Drug
2017.0,2017UG1CA189821,4216298.0,Drug
2017.0,2017UG1CA189808,1926557.0,Drug
2017.0,2017UG1CA189858,3116903.0,Drug
2017.0,2017UG1CA189829,922547.0,Drug
2017.0,2017UG1CA189872,741706.0,Drug
2017.0,2017UG1CA189804,1194575.0,Drug
2018.0,2018UG1CA189974,4973785.0,Target_Only
2017.0,2017U01CA185148,327495.0,Drug
2012.0,2012U01EB012493,2813556.0,Drug
2007.0,2007U01DK062418,6272928.0,Target_Only
2009.0,2009U01DK062370,1780291.0,Target_Only
2013.0,2013U01CA062491,701394.0,Target_Only
2000.0,2000U01CA063464,2004577.0,Target_Only
1999.0,1999U01CA063464,0.0,Target_Only
2007.0,2007U01CA069398,1040119.0,Target_Only
2004.0,2004U01CA066572,739404.0,Target_Only
2007.0,2007U01CA098233,1953422.0,Target_Only
2007.0,2007U01CA098758,1344341.0,Target_Only
2008.0,2008U01CA122171,1591648.0,Target_Only
2016.0,2016U01CA137088,2573283.0,Target_Only
2015.0,2015U01CA164930,3314146.0,Target_Only
2013.0,2013U01GM074492,2208535.0,Target_Only
2005.0,2005U01HD043425,830689.0,Target_Only
2014.0,2014U01HD066432,427704.0,Target_Only
2014.0,2014U01HD066435,312455.0,Target_Only
2010.0,2010U01NS049462,964524.0,Target_Only
2013.0,2013U01NS069208,1397193.0,Target_Only
2009.0,2009U01HG004402,731573.0,Target_Only
2011.0,2011U01HG004446,336453.0,Target_Only
2011.0,2011U01HG004803,2214899.0,Target_Only
2013.0,2013U01HG006830,1337365.0,Target_Only
2017.0,2017R50CA211241,189037.0,Drug
2017.0,2017R50CA211242,120627.0,Target_Only
2017.0,2017R21CA194798,211582.0,Drug
2013.0,2013R21AR063242,185172.0,Target_Only
2004.0,2004R21DK059942,275658.0,Target_Only
2016.0,2016R21DK103183,212066.0,Target_Only
2006.0,2006R21CA117991,241860.0,Target_Only
2014.0,2014R21CA179970,182771.0,Target_Only
2015.0,2015R21CA179282,179418.0,Target_Only
2017.0,2017R21CA205108,272563.0,Target_Only
2004.0,2004R21ES011754,300396.0,Target_Only
2007.0,2007R21ES014053,259031.0,Target_Only
2008.0,2008R21ES015879,244948.0,Target_Only
2008.0,2008R21GM075838,477636.0,Target_Only
2006.0,2006R21HD047885,275552.0,Target_Only
2009.0,2009R21HD058059,246152.0,Target_Only
2012.0,2012R21HD070611,228787.0,Target_Only
2012.0,2012R21HL105383,228769.0,Target_Only
2008.0,2008R21AA015973,207226.0,Target_Only
2019.0,2019U24CA204863,724482.0,Drug
2016.0,2016U24DK097153,1483482.0,Target_Only
2020.0,2020P20CA233255,998938.0,Drug
2010.0,2010P20RR016477,4691486.0,Drug
2009.0,2009P20RR020180,671641.0,Drug
2008.0,2008P20RR011792,2805961.0,Target_Only
2008.0,2008P20RR015592,2720286.0,Target_Only
2008.0,2008P20RR016475,4548640.0,Target_Only
2004.0,2004P20RR016475,6472195.0,Target_Only
2011.0,2011P20RR017708,2499253.0,Target_Only
2011.0,2011P20RR020173,2328031.0,Target_Only
2008.0,2008P20RR020173,2322471.0,Target_Only
2011.0,2011P20RR024206,2587040.0,Target_Only
2009.0,2009P20CA132385,189852.0,Target_Only
2011.0,2011P20ES018163,368385.0,Target_Only
2014.0,2014P20GM103638,2429573.0,Target_Only
2012.0,2012P20GM103420,2385372.0,Target_Only
2015.0,2015P20GM103457,2449902.0,Target_Only
2012.0,2012P20GM103457,2487781.0,Target_Only
2015.0,2015P20GM103466,2359770.0,Target_Only
2014.0,2014U19GM061388,3534433.0,Drug
2011.0,2011U19DK062434,3413537.0,Target_Only
2014.0,2014U19CA148107,411500.0,Target_Only
2014.0,2014U19ES019544,1289516.0,Target_Only
2020.0,2020U54GM104942,8311775.0,Drug
2019.0,2019U54GM104942,3858867.0,Drug
2013.0,2013U54HD028934,1592985.0,Drug
2006.0,2006U54RR019484,1584475.0,Target_Only
2008.0,2008U54RR020278,3195027.0,Target_Only
2017.0,2017U54CA118948,1228353.0,Target_Only
2014.0,2014U54CA143970,178202.0,Target_Only
2007.0,2007U54GM069338,10483531.0,Target_Only
2012.0,2012U54HD007495,1822305.0,Target_Only
2013.0,2013U54HD012303,1597866.0,Target_Only
2006.0,2006U54HD012303,1992222.0,Target_Only
2001.0,2001U54HD013541,2647062.0,Target_Only
2010.0,2010U54HD018185,652322.0,Target_Only
2012.0,2012U54HD028934,1698659.0,Target_Only
2011.0,2011U54HD028934,1807936.0,Target_Only
2004.0,2004U54HD028934,2121303.0,Target_Only
2002.0,2002U54HD028934,1996184.0,Target_Only
2000.0,2000U54HD028934,1989584.0,Target_Only
2016.0,2016U54HD029990,1237595.0,Target_Only
2007.0,2007U54HD031398,176089.0,Target_Only
2002.0,2002U54HD031398,2833545.0,Target_Only
2000.0,2000U54HD031398,2765010.0,Target_Only
1999.0,1999U54HD031398,0.0,Target_Only
2012.0,2012U54HD034449,1334599.0,Target_Only
2006.0,2006U54HD034449,2495795.0,Target_Only
2005.0,2005U54HD034449,2743555.0,Target_Only
2004.0,2004U54HD034449,2556219.0,Target_Only
2003.0,2003U54HD034449,2799432.0,Target_Only
2002.0,2002U54HD034449,3095904.0,Target_Only
2001.0,2001U54HD034449,2137649.0,Target_Only
2000.0,2000U54HD034449,2348186.0,Target_Only
1999.0,1999U54HD034449,0.0,Target_Only
2007.0,2007U54HD028138,2056123.0,Target_Only
2004.0,2004U54HD028138,1907602.0,Target_Only
2003.0,2003U54HD028138,1952164.0,Target_Only
2002.0,2002U54HD028138,1982843.0,Target_Only
2001.0,2001U54HD028138,1986705.0,Target_Only
2005.0,2005U54HD033994,1961144.0,Target_Only
2009.0,2009U54HD042454,2405462.0,Target_Only
2005.0,2005U54HD042454,3439991.0,Target_Only
2009.0,2009U54HD041857,2064896.0,Target_Only
2013.0,2013U54HD071836,2265643.0,Target_Only
2014.0,2014U54HG003273,22452929.0,Target_Only
2009.0,2009U54DA021519,5136614.0,Target_Only
2010.0,2010R13RR023236,73885.0,Drug
2011.0,2011R13DK092108,16199.0,Target_Only
2011.0,2011UL1RR024986,14236589.0,Drug
2016.0,2016UL1TR000433,10533159.0,Drug
2015.0,2015UL1TR000135,11746178.0,Drug
2014.0,2014UL1TR000371,3032785.0,Drug
2014.0,2014UL1TR000430,4712419.0,Drug
2017.0,2017UL1TR001863,9996134.0,Drug
2019.0,2019UL1TR002240,9363804.0,Drug
2019.0,2019UL1TR002384,7169622.0,Drug
2017.0,2017UL1TR002369,6474657.0,Drug
2010.0,2010UL1RR024148,7124184.0,Target_Only
2011.0,2011UL1RR025005,19241563.0,Target_Only
2011.0,2011UL1RR025761,6378896.0,Target_Only
2011.0,2011UL1RR033176,19261825.0,Target_Only
2011.0,2011UL1RR033179,3976722.0,Target_Only
2010.0,2010UL1DE019587,1196877.0,Target_Only
2015.0,2015UL1TR000124,15891932.0,Target_Only
2014.0,2014UL1TR000124,16251886.0,Target_Only
2012.0,2012UL1TR000124,18037637.0,Target_Only
2014.0,2014UL1TR000001,3629387.0,Target_Only
2014.0,2014UL1TR000127,4545402.0,Target_Only
2016.0,2016UL1TR000427,7345060.0,Target_Only
2015.0,2015UL1TR000427,7557420.0,Target_Only
2015.0,2015UL1TR000040,7480617.0,Target_Only
2013.0,2013UL1TR000128,7703715.0,Target_Only
2016.0,2016UL1TR000423,10861009.0,Target_Only
2017.0,2017UL1TR001108,5559438.0,Target_Only
2017.0,2017UL1TR001079,13880700.0,Target_Only
2014.0,2014UL1TR001079,14625465.0,Target_Only
2020.0,2020UL1TR001863,7916279.0,Target_Only
2019.0,2019UL1TR002319,9044137.0,Target_Only
2019.0,2019ZIABC010547,652474.0,Drug
2018.0,2018ZIABC010547,602934.0,Drug
2018.0,2018ZIABC010627,1032433.0,Drug
2018.0,2018ZIABC011679,509873.0,Drug
2010.0,2010ZIAAG000015,1025473.0,Target_Only
2009.0,2009ZIAAG000015,798235.0,Target_Only
2009.0,2009ZIAAG000675,551044.0,Target_Only
2009.0,2009ZIAAG000799,300198.0,Target_Only
2009.0,2009ZIAAG000965,486022.0,Target_Only
2009.0,2009ZIAAG007270,258867.0,Target_Only
2009.0,2009ZIAAG007380,758113.0,Target_Only
2009.0,2009ZIAAG007420,129433.0,Target_Only
2013.0,2013ZIAES049032,675972.0,Target_Only
2013.0,2013ZIAES049033,814240.0,Target_Only
2010.0,2010ZIAES070065,3917860.0,Target_Only
2010.0,2010ZIAES070076,3019772.0,Target_Only
2010.0,2010ZIAHD000642,5377260.0,Target_Only
2014.0,2014ZIAHL006001,3134172.0,Target_Only
2013.0,2013ZIAHL006001,1760777.0,Target_Only
2012.0,2012ZIAHL006001,1614151.0,Target_Only
2009.0,2009ZIAHL006001,3730610.0,Target_Only
2014.0,2014ZIAHL006002,1143736.0,Target_Only
2013.0,2013ZIAHL006170,313855.0,Target_Only
2014.0,2014ZIAHL006175,857802.0,Target_Only
2014.0,2014ZIAHL006173,857802.0,Target_Only
2010.0,2010ZIAHG000024,2207644.0,Target_Only
2009.0,2009ZIAHG000024,3065586.0,Target_Only
2013.0,2013ZIAHG200325,1615024.0,Target_Only
2012.0,2012ZIAHG200325,1883549.0,Target_Only
2010.0,2010ZIAHG200325,3401210.0,Target_Only
2010.0,2010ZIACP010126,3377772.0,Target_Only
2016.0,2016ZIACP010220,448471.0,Target_Only
2010.0,2010ZIASC010098,704754.0,Target_Only
2016.0,2016ZIABC005562,1223327.0,Target_Only
2010.0,2010ZIABC005562,1432343.0,Target_Only
2018.0,2018ZIABC010453,452200.0,Target_Only
2017.0,2017ZIABC010547,430502.0,Target_Only
2010.0,2010ZIABC010547,384343.0,Target_Only
2019.0,2019ZIABC010655,2997980.0,Target_Only
2019.0,2019ZIADC000046,1368597.0,Target_Only
2019.0,2019ZICSC006537,1617213.0,Drug
2018.0,2018ZICSC006537,1032433.0,Drug
2010.0,2010ZICES102425,1176534.0,Target_Only
2010.0,2010ZICSC006536,576515.0,Target_Only
2010.0,2010ZICSC006537,192170.0,Target_Only
2010.0,2010ZICBC010548,768687.0,Target_Only
2009.0,2009ZICBC011087,1795866.0,Target_Only
2017.0,2017KL2TR001421,450716.0,Drug
2015.0,2015KL2TR000136,1366706.0,Target_Only
2016.0,2016KL2TR000428,1430361.0,Target_Only
2010.0,2010D43TW000668,263244.0,Target_Only
2015.0,2015D43TW009107,247801.0,Target_Only
2014.0,2014R24TW008861,562542.0,Target_Only
2008.0,2008G12RR003032,3174255.0,Target_Only
2016.0,2016G12MD007595,3064537.0,Target_Only
2015.0,2015G12MD007601,2954115.0,Target_Only
2004.0,2004M01RR000032,5986957.0,Target_Only
2004.0,2004M01RR000037,8117799.0,Target_Only
2005.0,2005M01RR000039,3295681.0,Target_Only
2002.0,2002M01RR000084,1706728.0,Target_Only
2009.0,2009M01RR000425,10430150.0,Target_Only
2001.0,2001M01RR001066,6332490.0,Target_Only
2004.0,2004M01RR001271,6069681.0,Target_Only
2001.0,2001M01RR002172,3483252.0,Target_Only
2011.0,2011P51RR000163,16442830.0,Target_Only
2008.0,2008P51RR000163,17326587.0,Target_Only
2000.0,2000P51RR000163,17871223.0,Target_Only
2011.0,2011P51RR000165,13358038.0,Target_Only
2009.0,2009P51RR000167,15501122.0,Target_Only
2007.0,2007P51RR000167,11911276.0,Target_Only
2004.0,2004P51RR000167,15721777.0,Target_Only
2005.0,2005P51RR000167,15140612.0,Target_Only
2003.0,2003P51RR000169,18443485.0,Target_Only
2002.0,2002P51RR000169,17003882.0,Target_Only
2011.0,2011P51RR013986,9371820.0,Target_Only
2016.0,2016P51OD011092,14750327.0,Target_Only
2013.0,2013P51OD011092,14411179.0,Target_Only
2014.0,2014P51OD011132,12208698.0,Target_Only
2014.0,2014P51OD011133,9154148.0,Target_Only
2004.0,2004K01RR000163,177248.0,Target_Only
2009.0,2009K01RR021322,167048.0,Target_Only
2005.0,2005K01AR002170,33404.0,Target_Only
2001.0,2001S10RR015741,1005220.0,Target_Only
2010.0,2010S10RR026377,335391.0,Target_Only
2012.0,2012S10OD010678,388758.0,Target_Only
2004.0,2004C06RR020141,6449690.0,Target_Only
2000.0,2000P60AR044811,2184870.0,Target_Only
2012.0,2012P60DK079637,1957294.0,Target_Only
2008.0,2008R56DK062370,680127.0,Target_Only
2010.0,2010R56AG023629,397854.0,Target_Only
2009.0,2009R56GM073241,384969.0,Target_Only
2008.0,2008R56HD016229,443699.0,Target_Only
2001.0,2001R29CA075016,217111.0,Target_Only
2002.0,2002R29CA079459,233206.0,Target_Only
2001.0,2001R29CA079459,268474.0,Target_Only
1999.0,1999R29HD032588,0.0,Target_Only
2001.0,2001R29HD034808,197023.0,Target_Only
2000.0,2000R29HL056702,214335.0,Target_Only
2002.0,2002K07CA089123,108617.0,Target_Only
2007.0,2007K07CA095666,197220.0,Target_Only
2007.0,2007K07CA116543,176444.0,Target_Only
2015.0,2015K07CA148888,148692.0,Target_Only
2004.0,2004K22CA095011,262452.0,Target_Only
2015.0,2015R37CA090426,406327.0,Target_Only
2013.0,2013R37CA070867,1039382.0,Target_Only
2010.0,2010R37AG021092,552450.0,Target_Only
2001.0,2001R37GM020919,1497384.0,Target_Only
2000.0,2000R37GM037942,589770.0,Target_Only
1999.0,1999R37GM037942,0.0,Target_Only
2020.0,2020R37GM076343,421916.0,Target_Only
2018.0,2018R37GM076343,351287.0,Target_Only
2017.0,2017R37GM076343,367318.0,Target_Only
2016.0,2016R37GM076343,383157.0,Target_Only
2006.0,2006R37HD000072,1094953.0,Target_Only
2003.0,2003R37HD000072,1898459.0,Target_Only
2003.0,2003R37HD008478,559606.0,Target_Only
1999.0,1999R37HD008478,0.0,Target_Only
2006.0,2006R37HD010808,423600.0,Target_Only
2005.0,2005R37HD010808,450634.0,Target_Only
2002.0,2002R37HD017481,569045.0,Target_Only
2001.0,2001R37HD017481,595090.0,Target_Only
2019.0,2019R37HD038691,458657.0,Target_Only
2006.0,2006R37AA006460,451487.0,Target_Only
2016.0,2016K05CA124911,165503.0,Target_Only
2015.0,2015K05CA154337,45382.0,Target_Only
2005.0,2005K05AT001323,424686.0,Target_Only
2010.0,2010RC1CA146849,659002.0,Target_Only
2013.0,2013K99CA166507,156789.0,Target_Only
2013.0,2013K99ES021467,95368.0,Target_Only
2013.0,2013K99HD068130,122060.0,Target_Only
2011.0,2011K99NR012232,111500.0,Target_Only
2016.0,2016UM1CA167552,2532412.0,Target_Only
2017.0,2017UM1CA182883,1122684.0,Target_Only
2016.0,2016UM1CA167551,2457600.0,Target_Only
2016.0,2016UM1CA173640,1039130.0,Target_Only
2013.0,2013UM1CA173640,1127459.0,Target_Only
2016.0,2016UM1CA186107,3214139.0,Target_Only
2016.0,2016UM1CA182910,683864.0,Target_Only
2017.0,2017R00CA166507,249542.0,Target_Only
2015.0,2015R00ES021467,267417.0,Target_Only
2014.0,2014R00HD068130,280146.0,Target_Only
2019.0,2019F99CA234782,43427.0,Target_Only
2000.0,2000N01PC067001,3409996.0,Target_Only
2005.0,2005P42ES004705,6481298.0,Target_Only
2010.0,2010P42ES004940,3485148.0,Target_Only
2016.0,2016P42ES007381,2487250.0,Target_Only
2009.0,2009P42ES007381,5063569.0,Target_Only
2018.0,2018P42ES010337,2465449.0,Target_Only
2016.0,2016P42ES013648,2323607.0,Target_Only
2014.0,2014P42ES013648,2436012.0,Target_Only
2002.0,2002Z01ES070060,0.0,Target_Only
2007.0,2007Z01ES070065,4221698.0,Target_Only
2003.0,2003Z01ES070065,0.0,Target_Only
2000.0,2000Z01HD000195,0.0,Target_Only
2001.0,2001Z01HD000615,0.0,Target_Only
2005.0,2005Z01HD000631,0.0,Target_Only
2006.0,2006Z01HD000642,0.0,Target_Only
2004.0,2004Z01HD000642,0.0,Target_Only
2001.0,2001Z01HD000618,0.0,Target_Only
2006.0,2006Z01HD008726,0.0,Target_Only
2008.0,2008Z01HG000024,2794302.0,Target_Only
2006.0,2006Z01HG200331,0.0,Target_Only
2008.0,2008Z01HG200338,1253315.0,Target_Only
2008.0,2008Z01CP010126,6251312.0,Target_Only
2007.0,2007Z01CP010152,1339071.0,Target_Only
2008.0,2008Z01CP010180,1666035.0,Target_Only
2007.0,2007Z01SC010098,1066465.0,Target_Only
2007.0,2007Z01BC010453,521745.0,Target_Only
2004.0,2004Z01BC010453,0.0,Target_Only
2013.0,2013R15ES019137,523008.0,Target_Only
2010.0,2010R15HD066302,467275.0,Target_Only
2020.0,2020R35ES028379,716235.0,Target_Only
2020.0,2020R35GM118145,637631.0,Target_Only
2019.0,2019R35GM118145,653367.0,Target_Only
2018.0,2018R35GM118145,677264.0,Target_Only
2016.0,2016R35GM118145,503890.0,Target_Only
2017.0,2017P41GM103399,1390118.0,Target_Only
2018.0,2018P41GM103393,4350859.0,Target_Only
2017.0,2017P41GM103393,3618134.0,Target_Only
2014.0,2014P41GM103393,2601699.0,Target_Only
2014.0,2014F32GM103069,59946.0,Target_Only
2004.0,2004K02HD001367,174035.0,Target_Only
2011.0,2011RL1HD058294,824624.0,Target_Only
2010.0,2010RL1HD058295,568428.0,Target_Only
2009.0,2009RL1MH083268,722384.0,Target_Only
2006.0,2006T35HL007491,280480.0,Target_Only
2016.0,2016T35OD011145,67911.0,Target_Only
2010.0,2010RC2HL102419,20254514.0,Target_Only
2004.0,2004F31MH065114,42673.0,Target_Only
2003.0,2003F31MH065114,49927.0,Target_Only
2016.0,2016U41HG003345,547267.0,Target_Only
2010.0,2010ZIDSC007202,952272.0,Target_Only
2011.0,2011PL1EB008542,582788.0,Target_Only
2009.0,2009PL1EB008542,619958.0,Target_Only
2013.0,2013TL1TR000422,633950.0,Target_Only
2013.0,2013U42OD010426,415862.0,Target_Only
